gouvernorat,variable,n,biais,mae,sigma,mae_sur_sigma
Ariana,soil_temperature_7_to_28cm,1872,0.0,0.0,4.18468049690899,0.0
Ariana,soil_temperature_28_to_100cm,1872,0.0,0.0,3.388587213888703,0.0
Ariana,soil_moisture_28_to_100cm,1872,0.0,0.0,0.02178625798010965,0.0
Ariana,soil_moisture_7_to_28cm,1872,0.0,0.0,0.017661070542760397,0.0
Ariana,soil_moisture_0_to_7cm,1872,0.0,0.0,0.013256779597950893,0.0
Ariana,soil_temperature_0_to_7cm,1872,0.0,0.0,6.62547159987684,0.0
Ariana,terrestrial_radiation,1872,-0.0006410256410247116,0.02382478632478543,496.2001303814336,4.801447010195482e-05
Ariana,shortwave_radiation,1872,2.088116410670978,12.956345998383185,346.6409855662276,0.03737684387557168
Ariana,pressure_msl,1872,-0.19547291835084943,0.27631366208569164,3.954101971187997,0.06988025703410833
Ariana,et0_fao_evapotranspiration,1872,-0.006337914308811641,0.021115602263540825,0.25722412245581644,0.08209028788568563
Ariana,direct_radiation,1872,3.7073565076798705,23.4874696847211,273.430687293887,0.08589917217110474
Ariana,rain,1872,-0.0095392077607114,0.017461600646725948,0.1679772437969439,0.10395217978355492
Ariana,direct_normal_irradiance,1872,4.444704931285368,34.56677445432498,320.5633281412357,0.1078313438245043
Ariana,precipitation,1872,-0.008488278092158448,0.01818916734033953,0.1679772437969439,0.10828352060786972
Ariana,diffuse_radiation,1872,-1.6192400970088925,12.274050121261116,87.1328902275382,0.14086586694425893
Ariana,apparent_temperature,1872,-0.5452708164915118,1.0416329830234439,6.2147383499096565,0.16760689257957032
Ariana,surface_pressure,1872,-0.7798706548100252,0.7837510105092975,3.9416238364065497,0.19883962626525464
Ariana,temperature_2m,1872,-0.8801940177849638,1.1660468876313663,5.466917008434287,0.21329149241380557
Ariana,cloud_cover_high,1872,-0.25949878738884397,7.8504446240905414,35.22432965380728,0.22286995100393664
Ariana,wind_direction_100m,1872,-4.966046887631366,28.157639450282943,112.37357438676995,0.2505717167398212
Ariana,vapour_pressure_deficit,1872,-0.24618431689571546,0.34193209377526274,1.1475699945743953,0.29796186323438745
Ariana,wind_direction_10m,1872,8.701697655618432,36.1034761519806,109.7432724450927,0.32898122452147643
Ariana,dew_point_2m,1872,0.5920776071139855,1.4367016976556184,3.9019548700421103,0.3682004906530642
Ariana,relative_humidity_2m,1872,5.729991915925627,7.532740501212611,19.430115338178943,0.38768377696715234
Ariana,wind_gusts_10m,1872,-1.0765561843168958,4.702586903799515,12.116661079792863,0.38810913937686103
Ariana,cloud_cover,1872,9.00485044462409,15.470493128536782,35.955118357725894,0.4302723460570265
Ariana,cloud_cover_mid,1872,5.724333063864187,7.719482619240097,17.826695846358277,0.43302935584762725
Ariana,wind_speed_100m,1872,1.861519805982215,3.293856103476152,7.206816963613656,0.4570472817759118
Ariana,wind_speed_10m,1872,-0.3014551333872271,2.416410670978173,4.752639401001595,0.5084355170032312
Ariana,cloud_cover_low,1872,6.732417138237672,6.926434923201294,7.47079873644414,0.9271344561074408
Ariana,snowfall,1872,0.0,0.0,0.0,
Beja,soil_temperature_7_to_28cm,1872,0.0,0.0,4.638387498685509,0.0
Beja,soil_temperature_28_to_100cm,1872,0.0,0.0,3.808669756719598,0.0
Beja,soil_moisture_28_to_100cm,1872,0.0,0.0,0.03237588036334278,0.0
Beja,soil_moisture_7_to_28cm,1872,0.0,0.0,0.03157461214419077,0.0
Beja,soil_moisture_0_to_7cm,1872,0.0,0.0,0.03038886464511452,0.0
Beja,soil_temperature_0_to_7cm,1872,0.0,0.0,6.717912510053917,0.0
Beja,terrestrial_radiation,1872,-5.399289752236872e-16,0.1832264957264956,496.5479144163191,0.0003690006349978818
Beja,shortwave_radiation,1872,3.402586903799515,19.11317704122878,345.07369473935347,0.05538868170077597
Beja,rain,1872,-0.0069523039611964444,0.0069523039611964444,0.10491446897483372,0.06626639803956995
Beja,pressure_msl,1872,-0.22716248989490584,0.3597413096200464,4.0017399139832746,0.0898962244805073
Beja,et0_fao_evapotranspiration,1872,0.01929668552950687,0.02898140662894098,0.2624235058971467,0.11043754076016288
Beja,direct_radiation,1872,7.165723524656427,31.059013742926435,272.4413084277875,0.11400258617961692
Beja,precipitation,1872,0.003637833468067906,0.013823767178658046,0.10491446897483372,0.13176225656705187
Beja,direct_normal_irradiance,1872,12.760145513338724,45.858286176232816,320.0880564212715,0.1432677204171536
Beja,apparent_temperature,1872,0.6233629749393694,1.001050929668553,6.884069880729311,0.14541556768196257
Beja,temperature_2m,1872,0.8214227970897332,1.0021827000808405,6.651337731237425,0.15067385548236067
Beja,diffuse_radiation,1872,-3.763136620856912,13.792239288601456,89.98873922307384,0.15326627984432317
Beja,vapour_pressure_deficit,1872,0.21709781729991917,0.29181083265966046,1.4226962847180602,0.20511112300928616
Beja,relative_humidity_2m,1872,-2.316895715440582,4.7178658043654,21.53812366402111,0.219047205687953
Beja,cloud_cover_high,1872,0.4688763136620857,8.811641067097817,35.586125020043646,0.2476145144247855
Beja,cloud_cover_low,1872,2.7437348423605497,3.1608730800323364,11.108322326716712,0.2845499965759993
Beja,dew_point_2m,1872,-0.07696038803556991,1.2478577202910266,3.458718603398982,0.3607861359593466
Beja,wind_direction_100m,1872,-9.684721099434114,39.993532740501216,109.85183783519544,0.36406794395648867
Beja,wind_gusts_10m,1872,-0.0736459175424414,4.703556992724333,12.293492692291787,0.38260542471168807
Beja,cloud_cover,1872,7.812449474535166,14.203718674211803,36.781981359854036,0.38615969420599394
Beja,wind_direction_10m,1872,-5.5165723524656425,47.772029102667744,120.3266785747901,0.3970194280146661
Beja,wind_speed_10m,1872,1.475343573160873,2.7584478577202907,5.76734869576312,0.47828699168939365
Beja,wind_speed_100m,1872,1.5081649151172192,3.9395311236863377,7.837720868440375,0.5026373342216592
Beja,cloud_cover_mid,1872,8.268391269199677,10.627324171382377,19.195997368326616,0.553621881034296
Beja,surface_pressure,1872,8.285448666127728,8.285448666127728,3.8441681246506634,2.1553294230284643
Beja,snowfall,1872,0.0,0.0,0.0,
Ben Arous,soil_temperature_7_to_28cm,1872,0.0,0.0,4.218897644019796,0.0
Ben Arous,soil_temperature_28_to_100cm,1872,0.0,0.0,3.498066276559089,0.0
Ben Arous,soil_moisture_28_to_100cm,1872,0.0,0.0,0.024089790517774705,0.0
Ben Arous,soil_moisture_7_to_28cm,1872,0.0,0.0,0.02929402255911446,0.0
Ben Arous,soil_moisture_0_to_7cm,1872,0.0,0.0,0.024364716185736605,0.0
Ben Arous,soil_temperature_0_to_7cm,1872,0.0,0.0,6.364415467043442,0.0
Ben Arous,terrestrial_radiation,1872,0.00042735042735161005,0.18782051282051174,496.5438446073162,0.00037825564622404414
Ben Arous,shortwave_radiation,1872,0.24090541632983023,13.946645109135003,347.0917744923217,0.0401814336555058
Ben Arous,pressure_msl,1872,-0.20412287793047576,0.29967663702505637,3.9497260789549835,0.07587276460051241
Ben Arous,et0_fao_evapotranspiration,1872,-0.00715440582053355,0.022061438965238482,0.25582489809423825,0.08623648100550287
Ben Arous,direct_radiation,1872,1.1657235246564268,24.470493128536784,274.76635841751823,0.08905927665042936
Ben Arous,rain,1872,-0.014227970897332253,0.01681487469684721,0.18430275064238144,0.09123507184911507
Ben Arous,precipitation,1872,-0.013177041228779303,0.017542441390460788,0.18430275064238144,0.09518274322720176
Ben Arous,surface_pressure,1872,-0.33427647534357113,0.3769603880355677,3.939683271390209,0.09568291714540506
Ben Arous,direct_normal_irradiance,1872,1.486095392077606,35.68221503637834,321.243810009523,0.11107518316172559
Ben Arous,diffuse_radiation,1872,-0.9248181083265966,12.284559417946646,85.78316541525037,0.14320478101362671
Ben Arous,apparent_temperature,1872,0.19741309620048506,0.9372675828617624,6.133345436203304,0.15281506522188562
Ben Arous,temperature_2m,1872,-0.18035569927243336,0.8725141471301537,5.352768330831799,0.16300241168751806
Ben Arous,cloud_cover_high,1872,0.0719482619240097,8.778496362166532,34.99019436104115,0.2508844698485214
Ben Arous,wind_direction_100m,1872,-7.430072756669361,28.91754244139046,111.17449517099321,0.2601095008069387
Ben Arous,vapour_pressure_deficit,1872,-0.0668795472918351,0.29507679870654807,1.0606487804037066,0.2782040616633107
Ben Arous,wind_direction_10m,1872,-5.570735650767987,34.69765561843169,105.755108694901,0.32809436864684194
Ben Arous,dew_point_2m,1872,0.40363783346806786,1.3194017784963619,3.759463976370388,0.35095476025020766
Ben Arous,relative_humidity_2m,1872,2.6362166531932094,6.521422797089733,18.57330678362368,0.3511180250810133
Ben Arous,wind_gusts_10m,1872,-3.696766370250606,4.928617623282134,12.55962149964671,0.392417687381803
Ben Arous,wind_speed_100m,1872,-0.3305578011317704,3.2054163298302347,7.507523556885881,0.4269605423868747
Ben Arous,wind_speed_10m,1872,-0.999434114793856,2.281568310428456,5.136668682347612,0.44417276089251495
Ben Arous,cloud_cover,1872,9.3589329021827,16.232012934519,35.94876456868214,0.4515318712415506
Ben Arous,cloud_cover_mid,1872,5.997574777687955,8.262732417138238,17.967827961440815,0.45986261861312155
Ben Arous,cloud_cover_low,1872,6.997574777687955,7.479385610347615,7.482759687028291,0.9995490865908035
Ben Arous,snowfall,1872,0.0,0.0,0.0,
Bizerte,soil_moisture_28_to_100cm,1872,0.0,0.0,0.024380398646445135,0.0
Bizerte,soil_moisture_0_to_7cm,1872,0.0,0.0,0.03771026783432581,0.0
Bizerte,terrestrial_radiation,1872,-2.476651362625349e-15,0.17873931623931563,495.14733993290594,0.0003609820791191878
Bizerte,soil_moisture_7_to_28cm,1872,-1.0212765957446818e-05,1.0212765957446818e-05,0.022354024875690763,0.00045686474870808844
Bizerte,soil_temperature_0_to_7cm,1872,-0.09999999999999998,0.09999999999999998,5.710887304705852,0.017510413822664397
Bizerte,soil_temperature_7_to_28cm,1872,-0.09999999999999996,0.09999999999999996,3.9102333996030283,0.02557392098644344
Bizerte,shortwave_radiation,1872,-2.88197251414713,9.683912691996767,347.9090421136864,0.02783461054407534
Bizerte,soil_temperature_28_to_100cm,1872,-0.10000000000000003,0.10000000000000003,3.183960526368769,0.03140742454933876
Bizerte,pressure_msl,1872,-0.0392886014551312,0.22198868229587623,4.043355194187809,0.0549020977961515
Bizerte,precipitation,1872,0.00032336297493936936,0.007922392886014552,0.131801801691672,0.0601083807985239
Bizerte,rain,1872,-0.002425222312045271,0.008730800323362976,0.131801801691672,0.06624188904327123
Bizerte,direct_radiation,1872,-2.4454324979789814,19.03556992724333,278.89571708877736,0.06825336052465795
Bizerte,direct_normal_irradiance,1872,-4.668148746968472,29.800242522231205,326.8205175780067,0.09118228789022824
Bizerte,et0_fao_evapotranspiration,1872,-0.010743734842360552,0.02249797898140663,0.23282148411004908,0.09663188544392398
Bizerte,diffuse_radiation,1872,-0.43654001616814875,11.330638641875506,84.98862595471623,0.13331947086558046
Bizerte,cloud_cover_high,1872,-0.4082457558609539,6.67178658043654,35.02337881919713,0.19049522934033933
Bizerte,temperature_2m,1872,-0.5430881164106709,0.8877930476960388,4.517587417026639,0.19651928468500154
Bizerte,wind_direction_100m,1872,0.36378334680679064,20.881164106709782,103.89736375119377,0.2009787674373967
Bizerte,apparent_temperature,1872,-0.7458367016976556,1.1862570735650768,5.819684672631611,0.203835283231705
Bizerte,wind_direction_10m,1872,8.609539207760712,23.649151172190784,105.94673561680605,0.2232173651647591
Bizerte,wind_gusts_10m,1872,-2.5857720291026682,4.021665319320938,14.26606525027911,0.2819043127005364
Bizerte,wind_speed_100m,1872,0.07809215844785768,3.236701697655618,9.940082364039926,0.32562121510833564
Bizerte,wind_speed_10m,1872,-0.32481810832659663,2.5091350040420375,7.3150766067943085,0.3430087118584008
Bizerte,cloud_cover_mid,1872,5.5157639450282945,6.506871463217462,18.46766135751719,0.3523386820480583
Bizerte,vapour_pressure_deficit,1872,-0.0587712206952304,0.2794664510913501,0.7486231013937853,0.3733072764800337
Bizerte,dew_point_2m,1872,-0.44575586095392083,1.48714632174616,3.650921755044116,0.4073344819541853
Bizerte,cloud_cover,1872,11.430072756669361,16.670169765561845,35.835071716563185,0.4651914721258055
Bizerte,relative_humidity_2m,1872,0.9280517380759903,7.04607922392886,14.606150581541772,0.4824049419860973
Bizerte,cloud_cover_low,1872,9.555375909458368,10.902182700080841,9.573456571022046,1.1387927254071142
Bizerte,surface_pressure,1872,-8.477526273241711,8.477526273241711,4.043305286734883,2.09668221221248
Bizerte,snowfall,1872,0.0,0.0,0.0,
Gabes,soil_temperature_7_to_28cm,1872,0.0,0.0,3.8368053920659095,0.0
Gabes,soil_temperature_28_to_100cm,1872,0.0,0.0,3.624207586685239,0.0
Gabes,soil_moisture_28_to_100cm,1872,0.0,0.0,0.0018804476942754413,0.0
Gabes,soil_moisture_7_to_28cm,1872,0.0,0.0,0.0037492423719340915,0.0
Gabes,soil_moisture_0_to_7cm,1872,0.0,0.0,0.015015001526279971,0.0
Gabes,soil_temperature_0_to_7cm,1872,0.0,0.0,6.57530557021444,0.0
Gabes,terrestrial_radiation,1872,0.00977564102564004,0.18253205128205222,502.8951702072507,0.00036296242655666785
Gabes,rain,1872,-0.0009700889248181083,0.0009700889248181083,0.1076973325400192,0.00900754830169664
Gabes,precipitation,1872,-0.0009700889248181083,0.0009700889248181083,0.1076973325400192,0.00900754830169664
Gabes,shortwave_radiation,1872,7.005658852061439,15.416329830234439,351.3936415254644,0.04387196581961278
Gabes,pressure_msl,1872,-0.20654810024252176,0.2846402586903794,3.976440483567993,0.07158167206742058
Gabes,et0_fao_evapotranspiration,1872,-0.015214227970897333,0.025367825383993535,0.25267660855223295,0.1003964139353625
Gabes,direct_radiation,1872,17.581244947453516,32.45432497978982,267.7208100015201,0.12122451362524096
Gabes,temperature_2m,1872,-0.16459175424413897,0.7545675020210185,4.93434913128687,0.1529213847549998
Gabes,direct_normal_irradiance,1872,28.327243330638645,50.35165723524656,308.28599269511346,0.16332774900039976
Gabes,apparent_temperature,1872,0.6838318512530316,0.970331447049313,5.570117731164446,0.1742030409196509
Gabes,diffuse_radiation,1872,-10.575586095392078,18.08730800323363,99.8523210262207,0.18114058659171275
Gabes,cloud_cover_high,1872,-1.0856911883589329,8.909458367016976,36.82632096001984,0.2419318067826935
Gabes,wind_direction_100m,1872,-0.3055780113177041,13.708973322554568,53.48591607686463,0.25630996583948185
Gabes,vapour_pressure_deficit,1872,-0.2254163298302344,0.32586903799514955,1.1777842881707272,0.2766797292747658
Gabes,wind_direction_10m,1872,1.303152789005659,17.767178658043655,59.3965005414034,0.2991283745017726
Gabes,relative_humidity_2m,1872,4.19967663702506,6.482619240097009,19.142641054874115,0.33864811138201845
Gabes,wind_speed_100m,1872,0.017057396928051687,2.600404203718674,7.127563709650403,0.36483773553617527
Gabes,dew_point_2m,1872,1.267744543249798,1.6187550525464836,4.091182350378279,0.39566925008776743
Gabes,cloud_cover,1872,7.726758286176233,15.317704122877931,37.094257839342944,0.4129400347951335
Gabes,wind_speed_10m,1872,-1.458447857720291,2.2500404203718674,5.0610891032111285,0.4445763302100877
Gabes,cloud_cover_mid,1872,6.541632983023444,8.425222312045271,17.627656513099364,0.47795475852302705
Gabes,wind_gusts_10m,1872,-4.894179466451091,5.403476151980598,11.057081371427383,0.48868919115886467
Gabes,surface_pressure,1872,-2.2719482619240092,2.2719482619240092,3.9647299451233806,0.5730398522397487
Gabes,cloud_cover_low,1872,5.693613581244947,5.795472918350849,4.931367130782649,1.1752264158501333
Gabes,snowfall,1872,0.0,0.0,0.0,
Gafsa,soil_temperature_7_to_28cm,1872,0.0,0.0,4.273818704220011,0.0
Gafsa,soil_temperature_28_to_100cm,1872,0.0,0.0,3.5365489234619853,0.0
Gafsa,soil_moisture_28_to_100cm,1872,0.0,0.0,0.0007521790777101767,0.0
Gafsa,soil_moisture_7_to_28cm,1872,0.0,0.0,0.001624713872456985,0.0
Gafsa,soil_moisture_0_to_7cm,1872,0.0,0.0,0.026115116573269797,0.0
Gafsa,soil_temperature_0_to_7cm,1872,0.0,0.0,7.837165341127812,0.0
Gafsa,terrestrial_radiation,1872,0.007745726495727177,0.13477564102564035,501.77583431098816,0.0002685973134013261
Gafsa,rain,1872,-0.005335489086499596,0.005335489086499596,0.17280636277802008,0.03087553606665135
Gafsa,precipitation,1872,-0.0018593371059013744,0.0068714632174616,0.17280636277802008,0.039763947964626734
Gafsa,shortwave_radiation,1872,4.180274858528699,18.535974130962003,353.3222856028153,0.05246194448034077
Gafsa,pressure_msl,1872,-0.17704122877930367,0.36911883589329125,3.9680210652439953,0.09302340633380533
Gafsa,temperature_2m,1872,-0.24801940177849632,0.679547291835085,6.308833908783438,0.10771361263592455
Gafsa,direct_radiation,1872,9.585286984640259,33.52061438965239,270.0917631831951,0.12410824378571059
Gafsa,apparent_temperature,1872,0.12772837510105092,0.8200485044462409,6.541107491612702,0.12536844953209275
Gafsa,et0_fao_evapotranspiration,1872,-0.011131770412287793,0.036402586903799515,0.2626199351009283,0.1386131897786416
Gafsa,direct_normal_irradiance,1872,15.824575586095389,50.79757477768796,311.214460892875,0.16322369671367326
Gafsa,vapour_pressure_deficit,1872,-0.11463217461600647,0.2559741309620049,1.5483468753431815,0.165320920678882
Gafsa,diffuse_radiation,1872,-5.4050121261115605,16.632174616006466,98.41983521703925,0.16899209980720398
Gafsa,relative_humidity_2m,1872,1.9143088116410671,4.260307194826193,19.306334961509762,0.22066887388620315
Gafsa,cloud_cover_high,1872,0.6863379143088116,10.51818916734034,36.4679966353129,0.288422456339576
Gafsa,surface_pressure,1872,-1.1910266774454346,1.191188358932904,3.7657447533609285,0.3163221187176236
Gafsa,dew_point_2m,1872,0.6720291026677446,1.4896523848019403,4.051973970281777,0.3676362177366971
Gafsa,cloud_cover_low,1872,1.1269199676637025,1.1269199676637025,2.7089825433658037,0.41599380934494656
Gafsa,wind_direction_100m,1872,4.511721907841552,33.601455133387226,78.24937390554504,0.4294150030382045
Gafsa,wind_direction_10m,1872,6.101859337105902,36.381568310428456,81.70833010857699,0.4452614349367232
Gafsa,wind_speed_100m,1872,-0.31883589329021833,4.101050929668553,8.462530930814212,0.4846128142037969
Gafsa,cloud_cover,1872,11.841552142279708,18.784155214227972,36.97994170815574,0.5079552413162733
Gafsa,wind_speed_10m,1872,-0.9529506871463217,3.144058205335489,5.650025784469374,0.5564679393106106
Gafsa,wind_gusts_10m,1872,-4.008569118835894,6.044462409054163,10.715869457240107,0.5640664467940361
Gafsa,cloud_cover_mid,1872,13.857720291026677,16.735650767987064,19.86266752183646,0.8425681369125451
Gafsa,snowfall,1872,0.0,0.0,0.0,
Jendouba,soil_temperature_7_to_28cm,1872,0.0,0.0,4.675893978418688,0.0
Jendouba,soil_temperature_28_to_100cm,1872,0.0,0.0,3.665604673021176,0.0
Jendouba,soil_moisture_0_to_7cm,1872,0.0,0.0,0.030981670179619607,0.0
Jendouba,soil_moisture_28_to_100cm,1872,0.0,0.0,0.02409415198912023,0.0
Jendouba,soil_temperature_0_to_7cm,1872,0.0,0.0,7.140817174524836,0.0
Jendouba,terrestrial_radiation,1872,0.00016025641025572648,0.08969017094016998,497.05956901392113,0.00018044149339705806
Jendouba,soil_moisture_7_to_28cm,1872,-1.7021276595744696e-05,1.7021276595744696e-05,0.026107456043143008,0.0006519699417521475
Jendouba,rain,1872,-0.0042845594179466455,0.0042845594179466455,0.11997752259713068,0.035711350969745
Jendouba,shortwave_radiation,1872,2.1996766370250604,18.154405820533547,341.70560572177334,0.05312879132370861
Jendouba,et0_fao_evapotranspiration,1872,0.010557801131770413,0.0259983831851253,0.2680930635254084,0.09697521764736489
Jendouba,pressure_msl,1872,-0.2092158447857696,0.4027485852869821,4.085534984746889,0.09857915469837386
Jendouba,direct_radiation,1872,4.135812449474535,29.320937752627323,266.1345927431168,0.11017334293302113
Jendouba,precipitation,1872,0.00856911883589329,0.014389652384801941,0.11997752259713068,0.11993623533235113
Jendouba,surface_pressure,1872,0.4345189975747781,0.5127728375101067,3.951176954134803,0.1297772394054646
Jendouba,direct_normal_irradiance,1872,7.10436540016168,43.6877122069523,311.0248047031934,0.14046375577228595
Jendouba,diffuse_radiation,1872,-1.9361358124494745,12.89167340339531,91.33104234666347,0.14115324945556448
Jendouba,vapour_pressure_deficit,1872,-0.004349232012934515,0.26818108326596607,1.6914364288321615,0.15855226876668935
Jendouba,temperature_2m,1872,-0.7063864187550526,1.2596604688763138,7.0927596920682,0.17759807515895204
Jendouba,relative_humidity_2m,1872,0.3144704931285368,4.673403395311237,23.191917896297163,0.20151000086359375
Jendouba,apparent_temperature,1872,-1.0680679062247374,1.5364591754244141,7.106763845520723,0.21619674001026773
Jendouba,cloud_cover_high,1872,1.740501212611156,10.327405012126112,35.83454563076834,0.28819690135149284
Jendouba,cloud_cover_low,1872,2.309620048504446,2.6038803556992725,8.395999745745128,0.31013344861269804
Jendouba,dew_point_2m,1872,-0.7157639450282942,1.4879547291835085,3.7109779546737602,0.40096027175518956
Jendouba,wind_speed_10m,1872,0.870250606305578,2.3464025869037997,5.518511540994009,0.4251875835492335
Jendouba,wind_gusts_10m,1872,-1.274858528698464,4.726111560226354,10.979113565598324,0.4304638559377901
Jendouba,wind_speed_100m,1872,1.331285367825384,3.373322554567502,7.722148801166427,0.4368372899079545
Jendouba,wind_direction_100m,1872,5.120452708164915,54.46725949878739,121.3059712988536,0.44900724107471973
Jendouba,cloud_cover,1872,9.929668552950687,16.833468067906225,36.41762847819757,0.4622340545316961
Jendouba,wind_direction_10m,1872,0.7122069523039612,57.73726758286176,118.33901762888019,0.4878971343494675
Jendouba,cloud_cover_mid,1872,10.417946645109135,12.249797898140663,18.35980103593775,0.6672075516593412
Jendouba,snowfall,1872,0.0,0.0,0.0,
Kairouan,soil_temperature_7_to_28cm,1872,0.0,0.0,3.890096060783309,0.0
Kairouan,soil_temperature_28_to_100cm,1872,0.0,0.0,3.4560394598286837,0.0
Kairouan,soil_moisture_28_to_100cm,1872,0.0,0.0,0.04344011691013603,0.0
Kairouan,soil_moisture_7_to_28cm,1872,0.0,0.0,0.011457665436849016,0.0
Kairouan,soil_moisture_0_to_7cm,1872,0.0,0.0,0.014504543219121022,0.0
Kairouan,soil_temperature_0_to_7cm,1872,0.0,0.0,6.2211552033955275,0.0
Kairouan,terrestrial_radiation,1872,0.0018162393162403033,0.1073717948717942,499.02634734506023,0.00021516257697221376
Kairouan,shortwave_radiation,1872,2.4858528698464024,15.130962004850444,349.234635249259,0.04332606356196897
Kairouan,rain,1872,-0.016410670978173,0.017380759902991108,0.2236568377663347,0.07771173050899362
Kairouan,precipitation,1872,0.0007275666936135815,0.01948261924009701,0.2236568377663347,0.0871094281519417
Kairouan,direct_radiation,1872,4.6265157639450285,25.226354082457558,273.24929603433486,0.09231992341267649
Kairouan,surface_pressure,1872,-0.2844785772029087,0.3622473726758282,3.8621848155625775,0.09379338120127277
Kairouan,pressure_msl,1872,-0.29434114793855976,0.3727566693613572,3.921342782546516,0.09505842514468714
Kairouan,temperature_2m,1872,0.34907033144704935,0.7149555375909458,6.2444808558005835,0.11449399143033864
Kairouan,et0_fao_evapotranspiration,1872,0.013759094583670169,0.031398544866612775,0.26645858598221994,0.11783649136645916
Kairouan,direct_normal_irradiance,1872,5.76443007275667,37.79450282942603,316.49709516928704,0.11941500698200916
Kairouan,apparent_temperature,1872,0.24591754244139055,0.7932093775262731,6.487055715316325,0.12227571526069346
Kairouan,diffuse_radiation,1872,-2.1406628940986256,11.893290218270009,89.659322232729,0.13264978947084338
Kairouan,vapour_pressure_deficit,1872,0.09628132578819724,0.24345998383185122,1.5117688813705703,0.16104312427117184
Kairouan,cloud_cover_low,1872,1.4801940177849635,1.5319320937752627,8.1874091911703,0.18710828517369973
Kairouan,relative_humidity_2m,1872,-0.2651576394502829,4.069523039611965,21.006566096901437,0.19372623877884723
Kairouan,cloud_cover_high,1872,0.7170573969280517,10.58447857720291,34.83878668734723,0.3038130653685189
Kairouan,dew_point_2m,1872,0.05060630557801133,1.2751818916734035,3.8269041892694147,0.3332150031999744
Kairouan,wind_gusts_10m,1872,-2.7439773645917542,4.956750202101859,11.832962417429837,0.41889342898618653
Kairouan,cloud_cover,1872,7.443007275666936,15.289409862570736,36.198356460802856,0.4223785651463698
Kairouan,wind_direction_10m,1872,-1.0525464834276475,50.89409862570736,116.71132221336934,0.4360682208077788
Kairouan,wind_direction_100m,1872,-7.349232012934519,51.52869846402587,117.30490040497827,0.4392714906720049
Kairouan,wind_speed_100m,1872,1.8807599029911075,3.7540016168148744,8.08390766553934,0.46437957633010846
Kairouan,wind_speed_10m,1872,0.9344381568310429,2.952384801940178,5.516850761504127,0.5351576342324752
Kairouan,cloud_cover_mid,1872,8.3839935327405,10.849636216653193,20.01148442922027,0.5421704849046992
Kairouan,snowfall,1872,0.0,0.0,0.0,
Kasserine,soil_moisture_7_to_28cm,1872,0.0,0.0,0.02000371398932639,0.0
Kasserine,soil_moisture_28_to_100cm,1872,0.0,0.0,0.008493011266820168,0.0
Kasserine,soil_moisture_0_to_7cm,1872,0.0,0.0,0.06094575115139337,0.0
Kasserine,terrestrial_radiation,1872,0.00010683760683708574,0.19123931623931695,500.13143792080035,0.0003823781145099724
Kasserine,soil_temperature_0_to_7cm,1872,0.2522553191489361,0.2522553191489361,6.336588471231958,0.0398093264686783
Kasserine,soil_temperature_7_to_28cm,1872,0.24919148936170205,0.24919148936170205,3.9215721262710383,0.06354377309353591
Kasserine,shortwave_radiation,1872,-2.7970897332255458,22.3589329021827,350.9816332396646,0.06370399697500727
Kasserine,soil_temperature_28_to_100cm,1872,0.25251063829787207,0.25251063829787207,3.3480983957070847,0.07541912108128004
Kasserine,rain,1872,-0.04616006467259498,0.04616006467259498,0.4298077531780305,0.10739700326781923
Kasserine,precipitation,1872,-0.038561034761519807,0.047938561034761525,0.4298077531780305,0.11153489130966168
Kasserine,et0_fao_evapotranspiration,1872,0.01122069523039612,0.032255456750202104,0.2667302357455797,0.12092913523673009
Kasserine,direct_radiation,1872,-2.1778496362166533,34.708164915117216,275.1011162874238,0.12616511842450817
Kasserine,temperature_2m,1872,0.12538399353274052,0.9200485044462409,6.527004919900535,0.14096028970976499
Kasserine,apparent_temperature,1872,-0.18253839935327407,0.9751010509296684,6.475266491609062,0.15058855912621474
Kasserine,diffuse_radiation,1872,-0.6192400970088925,15.265966046887632,93.7063110783403,0.16291289104449952
Kasserine,direct_normal_irradiance,1872,-0.48035569927243466,52.686661277283754,320.4253406412929,0.16442726150134604
Kasserine,pressure_msl,1872,-0.5401778496362151,0.6683912691996761,3.953202888564724,0.16907588303476795
Kasserine,vapour_pressure_deficit,1872,0.041535974130962015,0.2681002425222312,1.4462768178144307,0.1853727026665449
Kasserine,cloud_cover_low,1872,2.2603071948261926,2.3039611964430073,9.847558062900626,0.23396269224579408
Kasserine,relative_humidity_2m,1872,-0.423605497170574,5.93856103476152,22.622301016725775,0.26250915105279743
Kasserine,cloud_cover_high,1872,0.13257881972514146,12.321746160064672,36.15157635203866,0.34083565375067865
Kasserine,dew_point_2m,1872,0.05448666127728373,1.5935327405012125,4.288841674217904,0.37155317485386136
Kasserine,wind_direction_100m,1872,-4.2457558609539205,48.41875505254648,109.21673608126197,0.44332724809246116
Kasserine,wind_direction_10m,1872,3.6071139854486662,52.438156831042846,107.17754552280341,0.48926439372401886
Kasserine,cloud_cover,1872,10.594179466451092,18.67178658043654,37.617545707442844,0.4963584473492703
Kasserine,wind_gusts_10m,1872,-3.3380759902991106,6.042360549717057,11.82854330513339,0.5108287972446086
Kasserine,wind_speed_100m,1872,1.4994341147938561,3.9141471301535966,7.209951484840948,0.5428812022359875
Kasserine,wind_speed_10m,1872,1.5407437348423607,2.8414713015359743,5.084663042320394,0.558831780569527
Kasserine,cloud_cover_mid,1872,13.700080840743734,17.653193209377527,23.3566151470415,0.7558112807974059
Kasserine,surface_pressure,1872,2.918512530315277,2.918512530315277,3.717677964721804,0.7850364012187029
Kasserine,snowfall,1872,0.0,0.0,0.0,
Kebili,soil_temperature_7_to_28cm,1872,0.0,0.0,4.0674286522037475,0.0
Kebili,soil_temperature_28_to_100cm,1872,0.0,0.0,3.5878360111865746,0.0
Kebili,soil_moisture_0_to_7cm,1872,0.0,0.0,0.012019279794515994,0.0
Kebili,soil_moisture_28_to_100cm,1872,0.0,0.0,0.001128268616565265,0.0
Kebili,soil_temperature_0_to_7cm,1872,0.0,0.0,7.044584919418855,0.0
Kebili,terrestrial_radiation,1872,-0.006730769230771486,0.0644230769230759,503.1828048635442,0.00012803115746482335
Kebili,soil_moisture_7_to_28cm,1872,-5.106382978723409e-06,5.106382978723409e-06,0.00745718728244064,0.000684759921578925
Kebili,rain,1872,-0.002910266774454325,0.002910266774454325,0.08762241013228365,0.033213726603282104
Kebili,precipitation,1872,-0.0015359741309620048,0.0042845594179466455,0.08762241013228365,0.048897986388165324
Kebili,shortwave_radiation,1872,10.802748585286984,17.701697655618432,351.37866058007444,0.05037783918464352
Kebili,pressure_msl,1872,-0.40048504446240984,0.4350848827809233,4.089777556768819,0.10638350784160193
Kebili,temperature_2m,1872,0.3807599029911074,0.6840743734842359,6.124580723644457,0.11169325776755779
Kebili,et0_fao_evapotranspiration,1872,-0.015012126111560227,0.03407437348423605,0.25712323280015187,0.1325215660722508
Kebili,direct_radiation,1872,26.864187550525465,38.00565885206144,258.8254988317254,0.14683892824937894
Kebili,vapour_pressure_deficit,1872,-0.04645109135004043,0.26050121261115605,1.6648527814557048,0.15647101984800146
Kebili,direct_normal_irradiance,1872,43.831204527081645,58.94680679062248,297.9881226247793,0.197815960822194
Kebili,diffuse_radiation,1872,-16.06143896523848,21.361358124494746,107.23745650702973,0.19919679951654248
Kebili,apparent_temperature,1872,1.2518997574777688,1.3723524656426838,6.596265719064116,0.20804990643060303
Kebili,relative_humidity_2m,1872,2.1859337105901373,4.680679062247373,19.35845138363817,0.24178995362219416
Kebili,cloud_cover_high,1872,-0.6758286176232822,9.450282942603073,36.54472514782963,0.25859499296752325
Kebili,wind_direction_100m,1872,1.3734842360549717,16.88035569927243,62.22226610805619,0.2712912395372701
Kebili,wind_direction_10m,1872,-0.8488278092158448,17.149555375909458,61.10426222233442,0.2806605423613325
Kebili,wind_speed_100m,1872,-1.013823767178658,3.558367016976556,11.795313668881228,0.3016763366254815
Kebili,cloud_cover,1872,6.308811641067098,13.809215844785772,37.19449097242129,0.37127046193547675
Kebili,wind_speed_10m,1872,-2.104122877930477,3.2886014551333873,7.791042515372334,0.4221003092519031
Kebili,dew_point_2m,1872,1.3982215036378334,1.9317704122877934,4.569158761084976,0.4227846991749269
Kebili,surface_pressure,1872,1.875424413904609,1.875424413904609,4.050937702668976,0.46296056655449885
Kebili,cloud_cover_mid,1872,8.74373484236055,10.83589329021827,19.035467072173315,0.5692475655645215
Kebili,wind_gusts_10m,1872,-7.959741309620049,8.480355699272433,13.240745608065012,0.6404741810088853
Kebili,cloud_cover_low,1872,0.4494745351657235,0.4494745351657235,0.17394497880372944,2.5840040813876404
Kebili,snowfall,1872,0.0,0.0,0.0,
Kef,soil_moisture_28_to_100cm,1872,0.0,0.0,0.023371407535107556,0.0
Kef,soil_moisture_0_to_7cm,1872,0.0,0.0,0.04941036752498577,0.0
Kef,terrestrial_radiation,1872,0.0019230769230798978,0.12307692307692085,497.89829765434877,0.0002471928979407023
Kef,soil_moisture_7_to_28cm,1872,-9.702127659574477e-05,9.702127659574477e-05,0.030726040802859487,0.003157623763446789
Kef,soil_temperature_0_to_7cm,1872,0.3514042553191488,0.3514042553191488,7.069070089565203,0.04971011050489706
Kef,shortwave_radiation,1872,1.2926434923201293,23.470493128536784,344.5475327378888,0.06811975387556102
Kef,soil_temperature_7_to_28cm,1872,0.35276595744680855,0.35276595744680855,4.831149749583364,0.07301904841124639
Kef,rain,1872,-0.01810832659660469,0.020695230396119646,0.25080607530647175,0.08251486879187903
Kef,soil_temperature_28_to_100cm,1872,0.34680851063829804,0.34680851063829804,3.8786259053524486,0.08941530302257489
Kef,pressure_msl,1872,0.02376717865804419,0.3786580436540003,3.9990770915524467,0.09468635762332973
Kef,et0_fao_evapotranspiration,1872,0.006766370250606306,0.029482619240097013,0.2592444033595594,0.11372519081619692
Kef,precipitation,1872,-0.003961196443007275,0.031770412287793044,0.25080607530647175,0.126673216543783
Kef,direct_radiation,1872,3.0040420371867422,36.289409862570736,268.8244535443156,0.13499296430854063
Kef,diffuse_radiation,1872,-1.7113985448666127,15.38480194017785,93.82369629013819,0.16397565379008572
Kef,direct_normal_irradiance,1872,8.043654001616815,53.673726758286186,314.34698243875334,0.17074675360926633
Kef,vapour_pressure_deficit,1872,0.0935327405012126,0.24801940177849632,1.4429320427385282,0.17188571216963375
Kef,temperature_2m,1872,1.1379951495553757,1.3554567502021018,6.805356296743534,0.1991749867454711
Kef,relative_humidity_2m,1872,1.332255456750202,5.760711398544867,22.642528635501318,0.2544199674550758
Kef,apparent_temperature,1872,1.6468876313662084,1.8926434923201292,6.791200022526255,0.278690582819277
Kef,cloud_cover_high,1872,0.39854486661277283,10.81568310428456,36.715374673412185,0.2945818529836997
Kef,cloud_cover_low,1872,3.2853678253839935,3.5198059822150363,11.129208487896083,0.31626741345021175
Kef,wind_direction_100m,1872,9.668552950687147,50.759902991107516,115.87226303018163,0.4380677624108016
Kef,cloud_cover,1872,9.070331447049313,17.77526273241714,37.723470907697326,0.47119902555918225
Kef,wind_direction_10m,1872,1.4074373484236056,54.16087308003234,112.91601805999521,0.4796562437337744
Kef,wind_speed_10m,1872,0.5968472109943411,2.7268391269199674,5.269979832955484,0.5174287593792773
Kef,wind_speed_100m,1872,-0.2514147130153597,3.9508488278092155,7.389824004457019,0.5346336834850658
Kef,wind_gusts_10m,1872,2.3756669361358123,6.560468876313662,10.963248616896198,0.5984055552843053
Kef,dew_point_2m,1872,1.9127728375101054,2.3957154405820535,3.7628978398802744,0.6366676807410426
Kef,cloud_cover_mid,1872,11.195634599838318,14.818916734033953,21.064871592407826,0.7034895356008232
Kef,surface_pressure,1872,5.401778496362165,5.401778496362165,3.7815700290837344,1.4284486218204462
Kef,snowfall,1872,0.0,0.0,0.0,
Mahdia,soil_moisture_7_to_28cm,1872,0.0,0.0,0.03295045017597094,0.0
Mahdia,soil_moisture_28_to_100cm,1872,0.0,0.0,0.02470853968063863,0.0
Mahdia,soil_moisture_0_to_7cm,1872,0.0,0.0,0.040871141956799265,0.0
Mahdia,terrestrial_radiation,1872,0.003685897435896489,0.18381410256410124,499.3370343539264,0.00036811630205224306
Mahdia,soil_temperature_0_to_7cm,1872,0.04868085106382979,0.04868085106382979,6.003335755086429,0.008108966922695289
Mahdia,soil_temperature_7_to_28cm,1872,0.0521702127659575,0.0521702127659575,4.1749344660238155,0.012496055492733069
Mahdia,soil_temperature_28_to_100cm,1872,0.05217021276595741,0.05217021276595741,3.6215911247976025,0.014405329306431026
Mahdia,shortwave_radiation,1872,1.3201293451899758,12.388843977364592,350.0274057021114,0.035393925662803784
Mahdia,pressure_msl,1872,-0.13354890864995944,0.24753435731608864,3.8053048945801256,0.06504980919364713
Mahdia,rain,1872,-0.012934518997574777,0.012934518997574777,0.1847996080325435,0.06999213437345056
Mahdia,precipitation,1872,-0.011883589329021827,0.013985448666127732,0.1847996080325435,0.07567899529129343
Mahdia,direct_radiation,1872,2.8350848827809214,24.44058205335489,277.33301960451166,0.08812719844253732
Mahdia,et0_fao_evapotranspiration,1872,-0.018561034761519803,0.02257073565076799,0.2510777490450793,0.0898954038604017
Mahdia,direct_normal_irradiance,1872,5.36847210994341,37.33371059013743,321.9552248779069,0.11595932510272278
Mahdia,surface_pressure,1872,0.5664510913500397,0.5706548100242511,3.805304894580126,0.14996296639384443
Mahdia,diffuse_radiation,1872,-1.5149555375909458,13.248181083265965,86.59073001232464,0.15299768325524365
Mahdia,apparent_temperature,1872,0.3956345998383185,0.9456750202101861,5.836184999979519,0.16203650504799022
Mahdia,temperature_2m,1872,-0.422554567502021,0.888682295877122,4.847402941017128,0.18333163277131037
Mahdia,cloud_cover_high,1872,0.3556992724333064,8.730800323362974,35.01795414654409,0.2493235409135006
Mahdia,wind_direction_10m,1872,-3.1083265966046887,33.69523039611965,116.19222049586054,0.2899955801887793
Mahdia,wind_direction_100m,1872,0.704122877930477,33.70978172999192,115.36862796167989,0.2921919270912084
Mahdia,wind_speed_10m,1872,-0.6342764753435732,1.9870654810024253,6.077090831150313,0.32697643267351
Mahdia,wind_speed_100m,1872,-0.16160064672594987,2.81285367825384,8.076517223624755,0.348275574776949
Mahdia,vapour_pressure_deficit,1872,-0.31244947453516575,0.35288601455133384,0.8790235267305434,0.4014522977147889
Mahdia,cloud_cover_mid,1872,5.532740501212611,7.236863379143088,17.5247235948536,0.41295164171766463
Mahdia,wind_gusts_10m,1872,-4.0671786580436535,5.000565885206144,11.85417971409656,0.4218398915666558
Mahdia,relative_humidity_2m,1872,6.734842360549717,7.721099434114794,17.583754472203655,0.4391041427654307
Mahdia,dew_point_2m,1872,1.4324979789814067,1.6294260307194826,3.699958483617867,0.4403903551712853
Mahdia,cloud_cover,1872,9.090541632983024,16.007275666936135,35.78743589064313,0.447287582039968
Mahdia,cloud_cover_low,1872,6.409054163298302,6.9280517380759905,5.3153818771383134,1.3033968016247035
Mahdia,snowfall,1872,0.0,0.0,0.0,
Manouba,soil_temperature_7_to_28cm,1872,0.0,0.0,4.373096475051463,0.0
Manouba,soil_temperature_28_to_100cm,1872,0.0,0.0,3.4689525663539613,0.0
Manouba,soil_moisture_28_to_100cm,1872,0.0,0.0,0.021773009860418236,0.0
Manouba,soil_moisture_7_to_28cm,1872,0.0,0.0,0.028234296020543625,0.0
Manouba,soil_moisture_0_to_7cm,1872,0.0,0.0,0.02886696975793402,0.0
Manouba,soil_temperature_0_to_7cm,1872,0.0,0.0,6.721905890758828,0.0
Manouba,terrestrial_radiation,1872,-0.0006944444444443252,0.07409188034188155,496.3727131671963,0.00014926662642095057
Manouba,shortwave_radiation,1872,2.364591754244139,15.719482619240097,345.4984983331334,0.045497976677407154
Manouba,pressure_msl,1872,-0.07930476960388304,0.2532740501212631,3.9553914458556165,0.06403261310246267
Manouba,et0_fao_evapotranspiration,1872,0.004130962004850444,0.022886014551333874,0.26555693263297087,0.08618119784869215
Manouba,direct_radiation,1872,3.2223120452708165,25.60388035569927,272.0874017810294,0.09410167537380054
Manouba,rain,1872,-0.013015359741309622,0.018512530315278903,0.15780335541404725,0.11731392064956665
Manouba,direct_normal_irradiance,1872,3.3205335489086516,38.17663702506063,318.9697668272114,0.11968732148129022
Manouba,precipitation,1872,-0.010185933710590137,0.01988682295877122,0.15780335541404725,0.12602281432224188
Manouba,diffuse_radiation,1872,-0.8577202910266775,12.146321746160064,87.54729582041969,0.1387401133562715
Manouba,temperature_2m,1872,-0.4587712206952304,0.9693613581244946,6.263470432199256,0.15476425866739957
Manouba,apparent_temperature,1872,-0.47914308811641054,1.0793047696038802,6.702851248200979,0.1610217397996952
Manouba,vapour_pressure_deficit,1872,-0.06274050121261118,0.2672837510105093,1.3826816569866591,0.19330823523978244
Manouba,cloud_cover_high,1872,0.21746160064672596,8.516572352465642,35.07884568535158,0.24278371155245967
Manouba,relative_humidity_2m,1872,1.7380759902991108,5.511721907841552,21.781337904451007,0.25304790422057744
Manouba,wind_direction_100m,1872,-10.447049312853679,32.48261924009701,111.12166647136237,0.29231580367333887
Manouba,wind_gusts_10m,1872,2.3028294260307196,4.552627324171382,12.056173903630848,0.37761792095586055
Manouba,dew_point_2m,1872,0.009458367016976547,1.4712206952303961,3.729997605517096,0.39442939401738253
Manouba,wind_direction_10m,1872,-17.13257881972514,44.725141471301534,108.41068350982592,0.4125528962950208
Manouba,cloud_cover,1872,9.402586903799515,16.078415521422798,36.29028106782486,0.4430501789548828
Manouba,wind_speed_10m,1872,0.388682295877122,2.335327405012126,5.209727425424312,0.44826287717383273
Manouba,cloud_cover_mid,1872,6.534357316087308,8.636216653193209,18.252805387195288,0.4731446191417616
Manouba,wind_speed_100m,1872,1.865561843168957,3.50501212611156,7.351412873778427,0.4767807476319962
Manouba,cloud_cover_low,1872,6.206143896523848,6.411479385610348,10.88201762032322,0.5891811251652718
Manouba,surface_pressure,1872,-5.369361358124494,5.369361358124494,3.931442706862767,1.3657483418877454
Manouba,snowfall,1872,0.0,0.0,0.0,
Medenine,soil_temperature_7_to_28cm,1872,0.0,0.0,3.7947745064703287,0.0
Medenine,soil_temperature_28_to_100cm,1872,0.0,0.0,3.5350682038883403,0.0
Medenine,soil_moisture_28_to_100cm,1872,0.0,0.0,0.001128268616565265,0.0
Medenine,soil_moisture_7_to_28cm,1872,0.0,0.0,0.0032219108641321015,0.0
Medenine,soil_moisture_0_to_7cm,1872,0.0,0.0,0.01272403224158162,0.0
Medenine,soil_temperature_0_to_7cm,1872,0.0,0.0,7.390196846524086,0.0
Medenine,terrestrial_radiation,1872,0.006303418803419742,0.0601495726495732,503.83742683829223,0.0001193828990176991
Medenine,precipitation,1872,-0.0018593371059013744,0.0025060630557801134,0.14528983235677548,0.01724871599842028
Medenine,rain,1872,-0.002667744543249798,0.002667744543249798,0.14528983235677548,0.018361536385415135
Medenine,shortwave_radiation,1872,6.562651576394503,15.42603071948262,353.3669857853862,0.043654419739289005
Medenine,pressure_msl,1872,-0.25173807599029746,0.31883589329021933,3.9798753102649207,0.0801120307633447
Medenine,et0_fao_evapotranspiration,1872,-0.01255456750202102,0.025586095392077606,0.27535070684205254,0.09292184387510716
Medenine,surface_pressure,1872,-0.36160064672594994,0.3953920776071153,3.8923158296548266,0.101582732468598
Medenine,temperature_2m,1872,0.0350848827809216,0.6067906224737267,5.694975882333117,0.10654840951233964
Medenine,direct_radiation,1872,14.101050929668553,32.36135812449474,267.0088754662771,0.1211995596325484
Medenine,direct_normal_irradiance,1872,22.737510105092962,49.44874696847211,307.3070085507646,0.160909922626459
Medenine,apparent_temperature,1872,0.7804365400161681,0.9793047696038805,5.8742391479567,0.16671176384511388
Medenine,diffuse_radiation,1872,-7.53839935327405,18.110751818916736,102.11735501451504,0.17735233953467028
Medenine,vapour_pressure_deficit,1872,-0.13387227162489895,0.27096200485044464,1.4518639544134178,0.18663043739516127
Medenine,cloud_cover_high,1872,-0.3556992724333064,7.7219078415521425,36.31942107754202,0.21261098366810027
Medenine,relative_humidity_2m,1872,2.4252223120452707,5.574777687954729,22.13844876089167,0.2518142869071642
Medenine,wind_direction_100m,1872,-3.8326596604688765,23.510913500404204,74.92479350579124,0.3137935041300708
Medenine,dew_point_2m,1872,1.175424413904608,1.7084882780921584,4.7161685934828865,0.3622619175347252
Medenine,wind_speed_100m,1872,-1.7812449474535166,3.0347615198059823,8.173150556901984,0.3713086524808008
Medenine,cloud_cover,1872,7.472918350848828,14.36863379143088,36.791870902949185,0.3905382748632963
Medenine,cloud_cover_mid,1872,4.891673403395311,6.933710590137429,17.091114117921368,0.4056909656268044
Medenine,wind_speed_10m,1872,-1.6136620856911885,2.678819725141471,6.577007091810035,0.40730072018277885
Medenine,wind_direction_10m,1872,4.64591754244139,34.31770412287793,82.96919120395944,0.4136198464140292
Medenine,wind_gusts_10m,1872,-4.965238480194018,5.402425222312045,11.18980117178823,0.4827990363164504
Medenine,cloud_cover_low,1872,5.117219078415522,5.1495553759094586,6.301969111442638,0.8171343408458296
Medenine,snowfall,1872,0.0,0.0,0.0,
Monastir,soil_temperature_7_to_28cm,1872,0.0,0.0,4.023901946808902,0.0
Monastir,soil_temperature_28_to_100cm,1872,0.0,0.0,3.4779666479533393,0.0
Monastir,soil_moisture_28_to_100cm,1872,0.0,0.0,0.013700263111239815,0.0
Monastir,soil_moisture_7_to_28cm,1872,0.0,0.0,0.014368945432213986,0.0
Monastir,soil_moisture_0_to_7cm,1872,0.0,0.0,0.015212153881684691,0.0
Monastir,soil_temperature_0_to_7cm,1872,0.0,0.0,6.3508937017166325,0.0
Monastir,terrestrial_radiation,1872,0.0011217948717949918,0.18808760683760803,498.86208927489065,0.00037703327408783135
Monastir,shortwave_radiation,1872,0.20129345189975748,11.648342764753435,349.0530702150293,0.033371265743566254
Monastir,pressure_msl,1872,-0.14599838318512523,0.25594179466451084,3.8465694888806374,0.06653767607848171
Monastir,precipitation,1872,-0.011964430072756667,0.013742926434923199,0.176227496638379,0.07798400758721469
Monastir,rain,1872,-0.014066289409862572,0.014066289409862572,0.176227496638379,0.07981892541279623
Monastir,direct_radiation,1872,0.13985448666127728,22.228779304769603,278.4216770295615,0.07983853679040032
Monastir,direct_normal_irradiance,1872,2.045432497978984,33.929183508488286,323.0538528779239,0.1050264010357106
Monastir,et0_fao_evapotranspiration,1872,-0.019304769603880355,0.02645109135004042,0.24732742116855436,0.1069476697127486
Monastir,diffuse_radiation,1872,0.06143896523848019,11.582861762328214,83.93502763408951,0.13799795018622157
Monastir,apparent_temperature,1872,0.1569927243330639,0.989167340339531,5.820543924908603,0.16994414149276665
Monastir,temperature_2m,1872,-0.5675828617623282,1.0516572352465643,4.889944936516064,0.21506525102015522
Monastir,cloud_cover_high,1872,0.8172999191592563,9.001616814874696,35.164923767375775,0.2559828331897576
Monastir,wind_direction_100m,1872,3.1382376717865803,34.616006467259496,115.4389337203067,0.2998642256271139
Monastir,wind_direction_10m,1872,8.921584478577202,39.03152789005659,114.79370569814333,0.340014530001255
Monastir,wind_speed_100m,1872,0.40751818916734034,2.94122877930477,7.722854385164772,0.38084736971795397
Monastir,vapour_pressure_deficit,1872,-0.30034761519805986,0.39156831042845597,0.9884260417115812,0.39615337304388226
Monastir,wind_speed_10m,1872,-0.9717865804365401,2.2715440582053357,5.482804395983602,0.41430331891273425
Monastir,dew_point_2m,1872,1.1497170573969282,1.5810832659660468,3.77019290985417,0.41936402294788744
Monastir,cloud_cover,1872,7.894907033144705,15.269199676637026,35.96977965887335,0.4245007843096498
Monastir,relative_humidity_2m,1872,5.519805982215036,7.592562651576395,17.830094842687956,0.4258285061613159
Monastir,cloud_cover_mid,1872,5.543249797898141,7.392886014551334,17.026542055831033,0.4341977361175056
Monastir,wind_gusts_10m,1872,-4.350040420371867,5.178496362166532,11.362740680437765,0.4557436016366981
Monastir,cloud_cover_low,1872,4.505254648342765,5.0873080032336295,6.948859720058093,0.7321068791400352
Monastir,surface_pressure,1872,3.0083265966046895,3.0084882780921594,3.8256944017527865,0.7863901195855543
Monastir,snowfall,1872,0.0,0.0,0.0,
Nabeul,soil_temperature_7_to_28cm,1872,0.0,0.0,4.070186784825764,0.0
Nabeul,soil_temperature_28_to_100cm,1872,0.0,0.0,3.3972622602050815,0.0
Nabeul,soil_moisture_28_to_100cm,1872,0.0,0.0,0.021891853689156582,0.0
Nabeul,soil_moisture_7_to_28cm,1872,0.0,0.0,0.024906411313078552,0.0
Nabeul,soil_moisture_0_to_7cm,1872,0.0,0.0,0.030287568524492964,0.0
Nabeul,soil_temperature_0_to_7cm,1872,0.0,0.0,5.987080539555427,0.0
Nabeul,terrestrial_radiation,1872,0.001869658119658873,0.13723290598290522,497.2230535885565,0.0002759986790485042
Nabeul,shortwave_radiation,1872,3.780113177041229,16.43492320129345,345.6568570289734,0.04754693236106077
Nabeul,pressure_msl,1872,-0.06483427647534518,0.25917542441390556,3.7599409989039594,0.06893071579832141
Nabeul,rain,1872,-0.016895715440582052,0.016895715440582052,0.20910686337786846,0.08079943033744663
Nabeul,precipitation,1872,-0.014470493128536785,0.01818916734033953,0.20910686337786846,0.08698503265993059
Nabeul,direct_radiation,1872,3.2821341956345997,26.483427647534356,274.2326591965081,0.09657284338462768
Nabeul,et0_fao_evapotranspiration,1872,0.003160873080032336,0.02621665319320938,0.24272272106833642,0.10801070900086157
Nabeul,direct_normal_irradiance,1872,6.193209377526275,38.358124494745354,320.66788755716215,0.1196194754234867
Nabeul,diffuse_radiation,1872,0.49797898140662894,12.279708973322554,84.66196347504528,0.14504398987795844
Nabeul,apparent_temperature,1872,0.2171382376717866,1.029749393694422,6.009952193588624,0.17134069631917398
Nabeul,temperature_2m,1872,0.08253839935327402,0.9570735650767986,4.771490116148611,0.20058169288409147
Nabeul,cloud_cover_high,1872,0.730800323362975,9.917542441390461,35.02996578669844,0.2831159613965808
Nabeul,wind_direction_100m,1872,6.983831851253032,33.01455133387227,111.67422269182455,0.29563269426086813
Nabeul,wind_direction_10m,1872,7.0080840743734845,34.65561843168957,109.83179046451252,0.3155335835382476
Nabeul,surface_pressure,1872,-1.2084882780921593,1.209135004042038,3.75673003107899,0.3218583699225137
Nabeul,wind_gusts_10m,1872,-0.8634599838318512,4.583427647534357,12.735688442288367,0.35988848724622224
Nabeul,vapour_pressure_deficit,1872,0.008730800323362979,0.3072756669361358,0.8318644587781321,0.3693818911165789
Nabeul,dew_point_2m,1872,0.32821341956345995,1.5104284559417946,4.039590130887573,0.373906363517609
Nabeul,relative_humidity_2m,1872,1.7736459175424415,7.0234438156831045,17.332030538054426,0.40522913920918513
Nabeul,cloud_cover,1872,7.708164915117219,15.735650767987066,35.771185422273035,0.4398973805936332
Nabeul,wind_speed_10m,1872,0.14130962004850448,2.826677445432498,6.399392520538283,0.4417102773990699
Nabeul,wind_speed_100m,1872,1.4781729991915926,4.163864187550526,9.272405984086221,0.4490597364585592
Nabeul,cloud_cover_mid,1872,5.506063055780113,8.115602263540824,17.817139744981077,0.4554941129553027
Nabeul,cloud_cover_low,1872,5.24090541632983,5.573969280517381,7.2186581485170676,0.7721614136364726
Nabeul,snowfall,1872,0.0,0.0,0.0,
Sfax,soil_temperature_7_to_28cm,1872,0.0,0.0,3.930070738894296,0.0
Sfax,soil_temperature_28_to_100cm,1872,0.0,0.0,3.780059476844361,0.0
Sfax,soil_moisture_28_to_100cm,1872,0.0,0.0,0.007847798928445214,0.0
Sfax,soil_moisture_7_to_28cm,1872,0.0,0.0,0.011131338020003038,0.0
Sfax,soil_moisture_0_to_7cm,1872,0.0,0.0,0.019979280637723102,0.0
Sfax,soil_temperature_0_to_7cm,1872,0.0,0.0,6.033102558240936,0.0
Sfax,terrestrial_radiation,1872,-0.003098290598292192,0.15502136752136803,501.02309219764504,0.00030940962589447825
Sfax,shortwave_radiation,1872,4.352465642683913,14.834276475343573,349.1902334869157,0.042481934065602724
Sfax,pressure_msl,1872,-0.21220695230395936,0.2915925626515751,3.8413611329821533,0.07590865647802394
Sfax,et0_fao_evapotranspiration,1872,-0.006378334680679064,0.01955537590945837,0.2567910426794094,0.07615287396870873
Sfax,rain,1872,-0.007922392886014552,0.007922392886014552,0.09726745759243145,0.08144957298268077
Sfax,precipitation,1872,-0.005658852061438967,0.00921584478577203,0.09726745759243145,0.09474746244924089
Sfax,direct_radiation,1872,11.157639450282943,28.536782538399354,271.1441286338354,0.10524580665708104
Sfax,apparent_temperature,1872,0.21293451899757476,0.7962813257881973,5.806458896242471,0.1371371674229011
Sfax,direct_normal_irradiance,1872,18.405416329830235,43.02449474535166,313.41107649114184,0.13727815630207216
Sfax,temperature_2m,1872,-0.2915117219078416,0.6627324171382377,4.766560980407668,0.1390378555655353
Sfax,diffuse_radiation,1872,-6.80517380759903,14.772837510105093,93.52825256500535,0.15795053478452903
Sfax,vapour_pressure_deficit,1872,-0.14109943411479384,0.24835893290218272,0.9400325904968486,0.2642024706514846
Sfax,cloud_cover_high,1872,1.0824575586095393,10.178658043654002,35.31358338608541,0.2882363404577257
Sfax,wind_direction_100m,1872,-9.801131770412288,29.434114793856104,98.29991906302648,0.2994317296943447
Sfax,relative_humidity_2m,1872,3.9110751818916736,5.862570735650768,17.352121167776076,0.3378590247823944
Sfax,dew_point_2m,1872,0.751738075990299,1.3501212611156022,3.880204194799971,0.3479510853900313
Sfax,wind_direction_10m,1872,-1.6168148746968471,40.52061438965239,108.60832136379753,0.37308940862757084
Sfax,wind_speed_100m,1872,0.5949070331447049,2.634842360549717,6.986955729346877,0.3771087813656457
Sfax,cloud_cover,1872,8.694421988682295,15.829426030719482,35.68322810735909,0.4436096976174338
Sfax,wind_speed_10m,1872,-1.04874696847211,2.154486661277284,4.470665429356584,0.48191632662329564
Sfax,wind_gusts_10m,1872,-5.116734033953112,5.567987065481002,11.299620891265041,0.49275874996702146
Sfax,surface_pressure,1872,-1.926111560226352,1.926111560226352,3.837416273323915,0.5019292729891881
Sfax,cloud_cover_mid,1872,6.37429264349232,8.626515763945028,17.134216457048947,0.5034671871672378
Sfax,cloud_cover_low,1872,3.967663702506063,4.088924818108326,4.656444401476497,0.8781216880441615
Sfax,snowfall,1872,0.0,0.0,0.0,
Sidi Bouzid,soil_temperature_7_to_28cm,1872,0.0,0.0,4.084708340569896,0.0
Sidi Bouzid,soil_temperature_28_to_100cm,1872,0.0,0.0,3.6483625090450222,0.0
Sidi Bouzid,soil_moisture_28_to_100cm,1872,0.0,0.0,0.0032300411270184117,0.0
Sidi Bouzid,soil_moisture_7_to_28cm,1872,0.0,0.0,0.030421235579516998,0.0
Sidi Bouzid,soil_moisture_0_to_7cm,1872,0.0,0.0,0.05036215582867143,0.0
Sidi Bouzid,soil_temperature_0_to_7cm,1872,0.0,0.0,6.284340404960674,0.0
Sidi Bouzid,terrestrial_radiation,1872,0.005288461538461663,0.05293803418803373,500.4330539702152,0.00010578444762600453
Sidi Bouzid,shortwave_radiation,1872,0.4737267582861762,20.13257881972514,351.4460625874233,0.05728497474549768
Sidi Bouzid,precipitation,1872,-0.019644300727566694,0.026596604688763136,0.3367087751956637,0.07898993625368887
Sidi Bouzid,rain,1872,-0.027081649151172192,0.028213419563459984,0.3367087751956637,0.08379175608673987
Sidi Bouzid,pressure_msl,1872,-0.3658852061438971,0.44365400161681656,3.9380056103447645,0.11265956565713871
Sidi Bouzid,et0_fao_evapotranspiration,1872,-0.0012853678253839935,0.03158447857720291,0.269009577219091,0.11741023834062005
Sidi Bouzid,direct_radiation,1872,5.85125303152789,33.972514147130155,272.13028848984874,0.12483915089222944
Sidi Bouzid,temperature_2m,1872,0.315925626515764,0.8421988682295879,6.408149108529303,0.13142622837983184
Sidi Bouzid,apparent_temperature,1872,0.46127728375101046,1.0037186742118027,6.4566169288293445,0.15545581924337393
Sidi Bouzid,direct_normal_irradiance,1872,10.47081649151172,50.69959579628132,314.63196548173016,0.1611393671290062
Sidi Bouzid,diffuse_radiation,1872,-5.377526273241714,15.810832659660468,95.68339086359863,0.165241140776455
Sidi Bouzid,vapour_pressure_deficit,1872,0.08599029911075182,0.26448666127728376,1.520302812783023,0.17396972435584857
Sidi Bouzid,surface_pressure,1872,0.7935327405012109,0.8061438965238464,3.715307245056475,0.21697906615838783
Sidi Bouzid,relative_humidity_2m,1872,-0.5084882780921585,4.797898140662894,20.696918973695652,0.23181702294726522
Sidi Bouzid,cloud_cover_low,1872,1.814874696847211,1.8310428455941794,5.545695244416706,0.3301737230219487
Sidi Bouzid,cloud_cover_high,1872,1.190784155214228,11.970088924818109,36.06875190672613,0.33186867557194066
Sidi Bouzid,dew_point_2m,1872,0.12417138237671789,1.4986257073565077,3.950030768393909,0.3793959579625888
Sidi Bouzid,wind_direction_100m,1872,10.2303961196443,46.914308811641064,105.7588700518445,0.4435969180518192
Sidi Bouzid,wind_speed_100m,1872,-0.3937752627324171,3.6350040420371865,8.167524429108356,0.4450557905994556
Sidi Bouzid,wind_direction_10m,1872,18.09700889248181,52.68876313662086,108.93239550790963,0.48368314027203324
Sidi Bouzid,wind_speed_10m,1872,-0.6067906224737267,2.852223120452708,5.857465759142399,0.48693807829792707
Sidi Bouzid,cloud_cover,1872,10.15440582053355,18.649151172190784,37.329394013880965,0.49958354976928054
Sidi Bouzid,wind_gusts_10m,1872,-3.5819725141471297,5.809943411479386,11.428069602813004,0.5083923718883613
Sidi Bouzid,cloud_cover_mid,1872,11.658043654001617,15.842360549717057,22.060833204906206,0.718121586912402
Sidi Bouzid,snowfall,1872,0.0,0.0,0.0,
Siliana,soil_moisture_7_to_28cm,1872,0.0,0.0,0.026502255077931823,0.0
Siliana,soil_moisture_28_to_100cm,1872,0.0,0.0,0.026159679868763677,0.0
Siliana,soil_moisture_0_to_7cm,1872,0.0,0.0,0.03092358993086715,0.0
Siliana,terrestrial_radiation,1872,0.0019230769230757737,0.19252136752136725,498.0601606361809,0.0003865423953513093
Siliana,shortwave_radiation,1872,-0.9531123686337915,21.889248181083264,349.5329022618589,0.06262428526595341
Siliana,soil_temperature_0_to_7cm,1872,-0.7,0.7,6.854723023141621,0.10211937048904707
Siliana,rain,1872,-0.025626515763945028,0.025626515763945028,0.2256873259686087,0.11354875890332217
Siliana,direct_radiation,1872,-0.7914308811641068,33.81325788197251,276.6231896516573,0.12223580360183274
Siliana,et0_fao_evapotranspiration,1872,-0.004025869037995149,0.03325788197251415,0.26259389762557245,0.12665138936296197
Siliana,temperature_2m,1872,-0.2501212611156023,0.961519805982215,6.731945475464828,0.14282941082730974
Siliana,precipitation,1872,-0.010024252223120454,0.033144704931285365,0.2256873259686087,0.1468611708213315
Siliana,apparent_temperature,1872,-0.23274050121261114,1.0199676637025064,6.879752652668274,0.1482564439735951
Siliana,soil_temperature_7_to_28cm,1872,-0.7000000000000001,0.7000000000000001,4.619349550799042,0.15153648631741154
Siliana,pressure_msl,1872,-0.41341956345998354,0.6111560226354064,3.9843497967932455,0.15338914849476512
Siliana,direct_normal_irradiance,1872,0.21835084882781006,50.5858528698464,323.9288847794066,0.15616345206231
Siliana,diffuse_radiation,1872,-0.16168148746968472,14.518997574777687,90.72847721427934,0.16002690688268942
Siliana,soil_temperature_28_to_100cm,1872,-0.7,0.7,3.867958000550376,0.18097404364276867
Siliana,vapour_pressure_deficit,1872,-0.005505254648342768,0.2764672594987874,1.4977356272751843,0.18459016028199957
Siliana,relative_humidity_2m,1872,0.7372675828617623,5.731608730800323,21.791766064644307,0.26301717418394455
Siliana,cloud_cover_high,1872,-0.0719482619240097,11.174616006467259,36.02160086871839,0.31021986077724373
Siliana,cloud_cover_low,1872,3.856911883589329,3.921584478577203,12.603280232954692,0.3111558583235464
Siliana,wind_direction_100m,1872,-1.995957962813258,36.21099434114794,109.27702976025937,0.33136876451154
Siliana,wind_direction_10m,1872,2.294260307194826,38.94907033144705,104.7454588947735,0.3718449538759956
Siliana,dew_point_2m,1872,-0.15578011317704127,1.4096200485044463,3.6329889518484313,0.38800559737106954
Siliana,cloud_cover,1872,9.637833468067907,17.157639450282943,37.17808939856802,0.4614986872064437
Siliana,wind_speed_100m,1872,-1.099029911075182,4.383104284559418,9.052771578674232,0.48417263668562804
Siliana,wind_speed_10m,1872,-0.5681487469684721,3.1616814874696844,5.954355513735784,0.5309863477543741
Siliana,surface_pressure,1872,-2.077364591754244,2.077364591754244,3.7643695518053084,0.5518492706854421
Siliana,wind_gusts_10m,1872,-3.412934518997575,6.1789814066289415,11.176565752469859,0.5528515237575081
Siliana,cloud_cover_mid,1872,10.932093775262732,13.70816491511722,20.35113323216692,0.6735823877095035
Siliana,snowfall,1872,0.0,0.0,0.0,
Sousse,soil_moisture_7_to_28cm,1872,0.0,0.0,0.01770479795991186,0.0
Sousse,soil_moisture_28_to_100cm,1872,0.0,0.0,0.01535247540175836,0.0
Sousse,soil_moisture_0_to_7cm,1872,0.0,0.0,0.0144677547807714,0.0
Sousse,terrestrial_radiation,1872,-0.0011752136752135474,0.038675213675214544,498.70363201463437,7.755149790864092e-05
Sousse,soil_temperature_0_to_7cm,1872,-0.15021276595744687,0.15021276595744687,6.202992195113175,0.024216178455905055
Sousse,shortwave_radiation,1872,1.7089733225545676,12.485044462409054,350.8375753915526,0.03558639478247194
Sousse,soil_temperature_7_to_28cm,1872,-0.14782978723404255,0.14782978723404255,4.124787549255142,0.03583937002058149
Sousse,soil_temperature_28_to_100cm,1872,-0.1474042553191488,0.1474042553191488,3.550337854909159,0.04151837412186801
Sousse,pressure_msl,1872,-0.2258690379951499,0.29603880355699175,3.8571054060774137,0.07675154614404389
Sousse,et0_fao_evapotranspiration,1872,-0.007251414713015359,0.020153597413096202,0.2595263683894984,0.07765529775706485
Sousse,rain,1872,-0.013662085691188357,0.013662085691188357,0.16035821020807509,0.0851972946908108
Sousse,precipitation,1872,-0.006709781729991915,0.013662085691188357,0.16035821020807509,0.0851972946908108
Sousse,direct_radiation,1872,6.321746160064673,25.53274050121261,276.29165924828834,0.09241227393791038
Sousse,temperature_2m,1872,-0.2854486661277285,0.6248181083265968,5.513546100630009,0.11332418318860189
Sousse,direct_normal_irradiance,1872,11.573403395311239,38.779708973322556,320.5407752646449,0.12098214007657919
Sousse,apparent_temperature,1872,0.03783346806790621,0.761519805982215,6.132010659168187,0.12418761941381164
Sousse,diffuse_radiation,1872,-4.612772837510105,14.05658852061439,88.27570240804056,0.1592350798370317
Sousse,vapour_pressure_deficit,1872,-0.11861762328213421,0.24354890864995962,1.2057633949972861,0.20198731331573372
Sousse,relative_humidity_2m,1872,2.1172190784155216,5.040420371867421,20.247240205246644,0.2489435755575865
Sousse,cloud_cover_high,1872,1.253839935327405,9.03556992724333,34.95928393900448,0.258459811219481
Sousse,wind_direction_100m,1872,-5.544866612772838,31.130962004850446,111.18248289470448,0.2799988019185816
Sousse,wind_direction_10m,1872,-2.6224737267582863,36.043654001616815,112.19259892665973,0.3212658798035202
Sousse,dew_point_2m,1872,0.45262732417138246,1.241471301535974,3.824677142080444,0.3245950587245312
Sousse,cloud_cover_low,1872,2.127728375101051,2.658043654001617,7.412322854821432,0.3585979329371307
Sousse,cloud_cover,1872,6.206952303961196,13.417946645109135,36.03916274996918,0.37231571494042576
Sousse,wind_speed_100m,1872,0.42497978981406626,2.818835893290218,6.9542095176252205,0.405342388109816
Sousse,cloud_cover_mid,1872,5.447049312853678,7.655618431689572,18.103809924120338,0.42287333239671965
Sousse,wind_gusts_10m,1872,-4.669846402586904,5.4203718674211805,10.936819372283297,0.4956076975320441
Sousse,wind_speed_10m,1872,-0.7909458367016977,2.4234438156831044,4.701528643159884,0.5154586943140081
Sousse,surface_pressure,1872,-2.9904607922392867,2.9904607922392867,3.8345242791535816,0.7798779130169935
Sousse,snowfall,1872,0.0,0.0,0.0,
Tataouine,soil_temperature_7_to_28cm,1872,0.0,0.0,3.6806293997343595,0.0
Tataouine,soil_temperature_28_to_100cm,1872,0.0,0.0,3.3330149432011535,0.0
Tataouine,soil_moisture_28_to_100cm,1872,0.0,0.0,0.00037608953885508834,0.0
Tataouine,soil_moisture_7_to_28cm,1872,0.0,0.0,0.008422106067470356,0.0
Tataouine,soil_moisture_0_to_7cm,1872,0.0,0.0,0.019256442653332886,0.0
Tataouine,soil_temperature_0_to_7cm,1872,0.0,0.0,7.01517483567743,0.0
Tataouine,terrestrial_radiation,1872,0.0006944444444454109,0.15753205128205106,504.61916128017265,0.00031218008226720255
Tataouine,rain,1872,-0.001131770412287793,0.001131770412287793,0.1650752109441772,0.006856089450465818
Tataouine,precipitation,1872,0.00024252223120452716,0.002182700080840744,0.1650752109441772,0.013222458225898365
Tataouine,shortwave_radiation,1872,5.202101859337106,16.283751010509295,357.09527247802055,0.045600578516512204
Tataouine,pressure_msl,1872,-0.24268391269199496,0.3387227162489873,3.9579116426215832,0.0855811717981226
Tataouine,et0_fao_evapotranspiration,1872,-0.007987065481002425,0.02643492320129345,0.27263787678028656,0.09695983373064788
Tataouine,temperature_2m,1872,0.18957154405820537,0.6041228779304769,5.993965848417911,0.10078850851142793
Tataouine,direct_radiation,1872,11.98949070331447,32.21422797089733,272.3470497536134,0.11828374127805262
Tataouine,surface_pressure,1872,0.4572352465642699,0.48504446240905574,3.70451181860216,0.1309334363500775
Tataouine,vapour_pressure_deficit,1872,-0.05849636216653192,0.22624090541632985,1.4709793098198847,0.15380291476977478
Tataouine,direct_normal_irradiance,1872,21.974211802748584,50.053597413096206,313.5489620990758,0.1596356660790992
Tataouine,apparent_temperature,1872,0.8060630557801131,0.9991107518189164,6.079650155564937,0.16433688226359408
Tataouine,diffuse_radiation,1872,-6.787388843977364,17.74939369442199,102.15485361287668,0.1737498813486104
Tataouine,relative_humidity_2m,1872,2.10266774454325,4.844785772029103,22.13781446776742,0.2188466155538115
Tataouine,cloud_cover_high,1872,-0.27809215844785773,8.986257073565076,36.00432837909901,0.24958824336192084
Tataouine,wind_direction_100m,1872,-0.8334680679062247,20.16895715440582,70.60437721569792,0.2856615687266699
Tataouine,dew_point_2m,1872,1.092724333063864,1.6434114793856103,4.7253608108527585,0.3477853956910929
Tataouine,wind_speed_100m,1872,-1.3513338722716248,2.9201293451899755,8.062052859607453,0.3622066731688681
Tataouine,wind_speed_10m,1872,-1.1519805982215037,2.4544866612772838,6.36858115235263,0.38540557190993274
Tataouine,cloud_cover_mid,1872,5.443007275666936,7.617623282134196,19.48064735649916,0.39103542827558013
Tataouine,cloud_cover,1872,6.275666936135813,14.856103476151981,37.20513936980227,0.39930245465522995
Tataouine,wind_direction_10m,1872,5.578011317704123,32.77283751010509,81.72141258331288,0.40103121659447605
Tataouine,cloud_cover_low,1872,3.53839935327405,4.2627324171382375,9.9320151163545,0.42919109236141134
Tataouine,wind_gusts_10m,1872,-5.71034761519806,6.360468876313662,12.544036487138383,0.5070512097788586
Tataouine,snowfall,1872,0.0,0.0,0.0,
Tozeur,soil_temperature_7_to_28cm,1872,0.0,0.0,4.116961390561819,0.0
Tozeur,soil_temperature_28_to_100cm,1872,0.0,0.0,3.347198400467565,0.0
Tozeur,soil_moisture_28_to_100cm,1872,0.0,0.0,0.00635762908071442,0.0
Tozeur,soil_moisture_7_to_28cm,1872,0.0,0.0,0.004277967303599171,0.0
Tozeur,soil_moisture_0_to_7cm,1872,0.0,0.0,0.01684403120968433,0.0
Tozeur,soil_temperature_0_to_7cm,1872,0.0,0.0,6.874398337527696,0.0
Tozeur,terrestrial_radiation,1872,0.0072649572649578715,0.1287393162393154,502.77541379447484,0.00025605730253934337
Tozeur,rain,1872,-0.0032336297493936943,0.0032336297493936943,0.08797491227130748,0.0367562713722458
Tozeur,shortwave_radiation,1872,9.687954729183508,17.966046887631368,351.3596133374929,0.05113293106448853
Tozeur,precipitation,1872,-0.0012126111560226355,0.005092966855295068,0.08797491227130748,0.05789112741128712
Tozeur,pressure_msl,1872,-0.2576394502829413,0.34575586095391964,4.118734381892908,0.08394711309230275
Tozeur,cloud_cover_low,1872,0.1333872271624899,0.1333872271624899,1.1526078252560656,0.11572646327718306
Tozeur,temperature_2m,1872,-0.6506871463217463,0.7569118835893291,5.83905777857786,0.12962911351318737
Tozeur,apparent_temperature,1872,-0.47623282134195627,0.8505254648342764,6.362700485504558,0.13367366054271063
Tozeur,et0_fao_evapotranspiration,1872,-0.0044624090541632985,0.03712206952303961,0.24866343779419567,0.14928640033426788
Tozeur,direct_radiation,1872,27.59498787388844,40.204527081649154,257.76429806616846,0.15597399400644923
Tozeur,vapour_pressure_deficit,1872,-0.21880355699272436,0.2857396928051738,1.5946222336599236,0.17918958282009753
Tozeur,direct_normal_irradiance,1872,45.622635408245756,63.28100242522232,295.8158787338903,0.21392023543857347
Tozeur,diffuse_radiation,1872,-17.907033144704933,23.185933710590138,107.13154734635718,0.21642489336618861
Tozeur,relative_humidity_2m,1872,1.7987065481002424,3.606305578011318,15.471829734635897,0.23308849954172445
Tozeur,wind_direction_100m,1872,-5.033953112368634,20.807599029911074,74.35022723147348,0.27985925268434053
Tozeur,cloud_cover_high,1872,0.4009700889248181,10.263540824575585,35.92431212512305,0.2856990215658981
Tozeur,wind_direction_10m,1872,-5.215844785772029,22.388035569927244,74.86300137858252,0.2990534063243183
Tozeur,dew_point_2m,1872,0.4582053354890865,1.476475343573161,4.018840429813357,0.3673883970659993
Tozeur,wind_speed_100m,1872,0.9110751818916734,4.284882780921584,11.449069685399737,0.37425597875308764
Tozeur,wind_speed_10m,1872,0.041228779304769564,3.0575586095392078,7.649941076610221,0.39968394251920797
Tozeur,wind_gusts_10m,1872,-3.1765561843168952,5.30751818916734,12.391333476897895,0.428325022408811
Tozeur,cloud_cover,1872,9.586903799514955,17.767987065481,36.865631490356286,0.4819661659703007
Tozeur,cloud_cover_mid,1872,11.683912691996767,14.563459983831851,18.659111018411494,0.7805012773363992
Tozeur,surface_pressure,1872,-9.271139854486663,9.271139854486663,4.074976674693382,2.275139367560738
Tozeur,snowfall,1872,0.0,0.0,0.0,
Tunis,soil_temperature_7_to_28cm,1872,0.0,0.0,4.406848428900339,0.0
Tunis,soil_temperature_28_to_100cm,1872,0.0,0.0,3.595387680539598,0.0
Tunis,soil_moisture_28_to_100cm,1872,0.0,0.0,0.019987554650115095,0.0
Tunis,soil_moisture_7_to_28cm,1872,0.0,0.0,0.02101144791957459,0.0
Tunis,soil_moisture_0_to_7cm,1872,0.0,0.0,0.018192847095416232,0.0
Tunis,soil_temperature_0_to_7cm,1872,0.0,0.0,7.121878156478288,0.0
Tunis,terrestrial_radiation,1872,0.00048076923076856434,0.12120726495726353,496.37257667233354,0.00024418606235226227
Tunis,shortwave_radiation,1872,3.2255456750202103,14.299110751818917,345.61312726162316,0.04137317024128756
Tunis,et0_fao_evapotranspiration,1872,-0.003023443815683106,0.017574777687954728,0.2622062286548294,0.06702654539564855
Tunis,pressure_msl,1872,-0.20339531123686128,0.2840743734842339,3.9450907851891754,0.0720070560988654
Tunis,direct_radiation,1872,3.510913500404204,24.299919159256266,273.3107348978345,0.08890949405386418
Tunis,rain,1872,-0.01406628940986257,0.020048504446240907,0.18904426300567895,0.10605190619108416
Tunis,precipitation,1872,-0.01261115602263541,0.021018593371059015,0.18904426300567895,0.11118345003903986
Tunis,direct_normal_irradiance,1872,4.621907841552142,35.62449474535166,320.0760925325158,0.11130008012620514
Tunis,apparent_temperature,1872,-0.4122069523039612,0.8720291026677446,6.4258238790088145,0.13570697222443254
Tunis,diffuse_radiation,1872,-0.2853678253839935,12.0767987065481,85.84259195944813,0.14068539207498715
Tunis,temperature_2m,1872,-0.8200485044462409,0.98464025869038,5.861171464152838,0.16799376450808165
Tunis,surface_pressure,1872,-0.656831042845596,0.6628132578819746,3.938128042704278,0.16830668040616237
Tunis,cloud_cover_high,1872,0.0016168148746968471,8.41552142279709,35.28361065039571,0.23851077788442576
Tunis,wind_direction_100m,1872,-11.38480194017785,30.371059013742926,110.86385013714889,0.2739491635566607
Tunis,vapour_pressure_deficit,1872,-0.32362166531932096,0.37015359741309617,1.2861261239017252,0.28780505312353033
Tunis,wind_gusts_10m,1872,-1.8543249797898143,4.020210185933711,11.733195388182912,0.34263557819745044
Tunis,relative_humidity_2m,1872,6.248989490703314,7.387227162489895,20.90802624659754,0.35332015922316207
Tunis,wind_direction_10m,1872,-2.669361358124495,43.28860145513339,109.11690639971326,0.39671763875489735
Tunis,dew_point_2m,1872,1.1835084882780922,1.5531123686337918,3.9018079650792052,0.3980494126143556
Tunis,cloud_cover,1872,8.375101050929668,15.852869846402587,36.33853780690366,0.43625502849459263
Tunis,cloud_cover_mid,1872,5.751818916734034,8.172190784155214,18.184514043578677,0.44940385894122814
Tunis,wind_speed_10m,1872,0.8355699272433306,2.2155214227970896,4.567637780953434,0.4850475298272511
Tunis,wind_speed_100m,1872,1.7944219886822956,3.4497170573969282,6.772734101061072,0.5093536828585176
Tunis,cloud_cover_low,1872,5.9611964430072755,6.557801131770412,10.248231472018688,0.6398958834678489
Tunis,snowfall,1872,0.0,0.0,0.0,
Zaghouan,soil_moisture_7_to_28cm,1872,0.0,0.0,0.025536555922781676,0.0
Zaghouan,soil_moisture_28_to_100cm,1872,0.0,0.0,0.02476868690514742,0.0
Zaghouan,soil_moisture_0_to_7cm,1872,0.0,0.0,0.03159052133098803,0.0
Zaghouan,terrestrial_radiation,1872,-0.001976495726496966,0.1495192307692298,497.22507896162483,0.0003007073397855893
Zaghouan,soil_temperature_0_to_7cm,1872,-0.24987234042553183,0.24987234042553183,6.4942763667857815,0.03847577871854588
Zaghouan,shortwave_radiation,1872,1.2603071948261924,16.24009700889248,346.9924304662387,0.04680245326121773
Zaghouan,soil_temperature_7_to_28cm,1872,-0.2507234042553192,0.2507234042553192,4.4699003956948955,0.05609149691496458
Zaghouan,soil_temperature_28_to_100cm,1872,-0.25021276595744685,0.25021276595744685,3.6991237914533555,0.06764109017804465
Zaghouan,precipitation,1872,-0.013823767178658042,0.022392886014551333,0.2719582107046466,0.0823394372118096
Zaghouan,rain,1872,-0.023282134195634595,0.023605497170573964,0.2719582107046466,0.08679825150125775
Zaghouan,et0_fao_evapotranspiration,1872,0.005957962813257881,0.024017784963621665,0.2676609151135154,0.08973213348477004
Zaghouan,pressure_msl,1872,-0.2974130962004855,0.3784155214227978,3.9109989230961717,0.0967567439581963
Zaghouan,direct_radiation,1872,1.8771220695230395,27.396928051738076,274.5044212782733,0.09980505204309623
Zaghouan,direct_normal_irradiance,1872,4.958205335489088,41.2375909458367,320.852373553039,0.1285251235301205
Zaghouan,temperature_2m,1872,-0.46822958771220696,0.8540016168148747,6.307279328055898,0.13539936514562212
Zaghouan,diffuse_radiation,1872,-0.6168148746968473,13.09215844785772,87.9823457540871,0.14880438042025654
Zaghouan,apparent_temperature,1872,-0.6905416329830235,1.0622473726758284,6.732119630250053,0.15778795253470163
Zaghouan,vapour_pressure_deficit,1872,-0.06492320129345189,0.2752384801940178,1.3247287168099275,0.20776969405239298
Zaghouan,cloud_cover_high,1872,0.8011317704122878,8.945028294260307,35.035906683328285,0.25531031279167005
Zaghouan,cloud_cover_low,1872,3.332255456750202,3.463217461600647,13.264961950842208,0.26108009012274347
Zaghouan,relative_humidity_2m,1872,0.8876313662085691,5.717057396928052,21.436372038916666,0.26669892585130633
Zaghouan,surface_pressure,1872,1.3808407437348422,1.3832659660468876,3.797919081224762,0.36421680832673475
Zaghouan,cloud_cover,1872,7.541632983023444,13.813257881972515,36.49210548875053,0.3785272923271239
Zaghouan,wind_direction_100m,1872,0.3880355699272433,42.97170573969281,112.43103939442587,0.38220500291686593
Zaghouan,wind_direction_10m,1872,-1.8294260307194825,42.561843168957154,109.29123325833618,0.38943510746513377
Zaghouan,wind_gusts_10m,1872,-1.3346806790622472,5.233468067906225,12.06858690101886,0.4336438152062693
Zaghouan,wind_speed_10m,1872,1.2132578819725144,2.6481810832659662,6.081164989283862,0.4354726582706687
Zaghouan,dew_point_2m,1872,-0.17736459175424407,1.5621665319320939,3.4833803494425557,0.44846280773849084
Zaghouan,wind_speed_100m,1872,2.0177041228779307,4.127809215844786,8.511014199509564,0.4849961613367588
Zaghouan,cloud_cover_mid,1872,6.843977364591754,9.288601455133387,18.29773432197651,0.5076366992593888
Zaghouan,snowfall,1872,0.0,0.0,0.0,
